<?xml version = '1.0' encoding = 'UTF-8'?>
<relationalModel class="oracle.dbtools.crest.model.design.relational.RelationalDesign" name="Relational_1" id="8309FEB9-9355-0277-BEAA-4731F21E5799" mainViewID="4F6EFEEA-E598-653D-4F56-CA79C0D1825B">
<createdBy>Jennifer</createdBy>
<createdTime>2025-08-16 20:41:01 UTC</createdTime>
<ownerDesignName>Exp1_S1_Grupo13_CasoAerolinea</ownerDesignName>
<shouldBeOpen>false</shouldBeOpen>
<selectedRDBMSSite>32076570-2523-435C-2E92-BF29817DFF70</selectedRDBMSSite>
</relationalModel>