<?xml version = '1.0' encoding = 'UTF-8'?>
<Diagram class="oracle.dbtools.crest.swingui.logical.DPVLogical" name="Logical" id="DB7AB30F-C34B-E98F-CDB1-0C8B2C564A39">
<createdBy>Jennifer</createdBy>
<modifiedBy>Jennifer</modifiedBy>
<createdTime>2025-08-16 20:41:23 UTC</createdTime>
<autoRoute>false</autoRoute>
<boxInbox>true</boxInbox>
<showLegend>false</showLegend>
<showLabels>false</showLabels>
<showRelAttributes>false</showRelAttributes>
<gridEnabled>false</gridEnabled>
<showGrid>false</showGrid>
<diagramColor>-1</diagramColor>
<display>false</display>
<notation>0</notation>
<objectViews>
<OView class="oracle.dbtools.crest.swingui.logical.TVEntity" oid="2BFF7C81-A3B6-A139-897A-551AE2BFE9DF" otype="Entity" vid="C52A8DFC-66FB-E3A9-0B37-0BC13DBA7410">
<hideElementsInCurrentOnly>false</hideElementsInCurrentOnly>
<bounds x="23" y="253" width="224" height="120"/>
</OView>
<OView class="oracle.dbtools.crest.swingui.logical.TVEntity" oid="34DC4E91-F28F-E9FF-F5C9-08D048CD9E23" otype="Entity" vid="98DBBAF9-0C7B-697C-EEC8-0C6E181D9EB3">
<hideElementsInCurrentOnly>false</hideElementsInCurrentOnly>
<bounds x="23" y="26" width="225" height="166"/>
</OView>
<OView class="oracle.dbtools.crest.swingui.logical.TVEntity" oid="685DD5E8-63AA-2600-C619-DF79DD9BD1BA" otype="Entity" vid="46EA036F-C8B6-9F33-39E7-D9ADCF730689">
<hideElementsInCurrentOnly>false</hideElementsInCurrentOnly>
<bounds x="307" y="26" width="224" height="167"/>
</OView>
<OView class="oracle.dbtools.crest.swingui.logical.TVEntity" oid="DE3FF82E-D956-2471-6FB7-BA1CC8470C2E" otype="Entity" vid="FDEC6876-F4FC-9D78-61FA-58E4BC6B659B">
<hideElementsInCurrentOnly>false</hideElementsInCurrentOnly>
<bounds x="309" y="254" width="224" height="118"/>
</OView>
</objectViews>
</Diagram>